wealth,return,weights,prices
9882.671356605253,-0.011802237557210656,"0.0000,0.0000,0.0000,0.0000,0.0000,0.0000","1.0000,1.0011,0.9852,0.9809,0.9898,0.9852"
9801.308546771383,-0.008266953493249072,"0.0000,0.0000,0.0000,0.0000,0.0000,0.0000","1.0000,0.9754,0.9900,0.9864,1.0009,0.9980"
9780.812352134832,-0.002093358755892483,"0.0000,0.0000,0.0000,0.0000,0.0000,0.0000","1.0000,1.0089,0.9925,0.9916,0.9916,1.0029"
9671.936054626216,-0.011194041288060728,"0.0000,0.0000,0.0000,0.0000,0.0000,0.0000","1.0000,0.9962,0.9915,0.9882,0.9773,0.9801"
9584.59037242959,-0.00907186262932262,"0.0000,0.0000,0.0000,0.0000,0.0000,0.0000","1.0000,0.9729,1.0043,0.9672,1.0111,0.9905"
9606.014869315622,0.0022328118907185995,"0.0000,0.0000,0.0000,0.0000,0.0000,0.0000","1.0000,0.9922,1.0205,1.0060,0.9876,1.0073"
9717.127037764096,0.01150055137474097,"0.0000,0.0000,0.0000,0.0000,0.0000,0.0000","1.0000,1.0258,0.9967,1.0325,1.0073,1.0074"
9870.531237311612,0.015663672897018262,"0.0000,0.0000,0.0000,0.0000,0.0000,0.0000","1.0000,1.0076,1.0007,1.0325,1.0524,1.0017"
9990.496436328634,0.012080609319191284,"0.0000,0.0000,0.0000,0.0000,0.0000,0.0000","1.0000,1.0260,1.0271,1.0069,1.0119,1.0012"
10034.495182703782,0.004394390571137464,"0.0000,0.0000,0.0000,0.0000,0.0000,0.0000","1.0000,1.0052,1.0079,0.9914,1.0194,1.0026"
10066.137033256715,0.0031483464151139647,"0.0000,0.0000,0.0000,0.0000,0.0000,0.0000","1.0000,1.0011,0.9822,1.0085,1.0341,0.9932"
9902.298766951606,-0.016410092869647785,"0.0000,0.0000,0.0000,0.0000,0.0000,0.0000","1.0000,0.9650,0.9824,0.9899,0.9867,0.9785"
9893.66561735555,-0.0008722131416048223,"0.0000,0.0000,0.0000,0.0000,0.0000,0.0000","1.0000,1.0565,0.9831,0.9564,1.0173,0.9815"
9851.081521478862,-0.004313467435554658,"0.0000,0.0000,0.0000,0.0000,0.0000,0.0000","1.0000,1.0311,1.0198,0.9122,1.0047,1.0067"
9804.660240189933,-0.004723440932438708,"0.0000,0.0000,0.0000,0.0000,0.0000,0.0000","1.0000,0.9854,0.9789,0.9919,0.9881,1.0279"
9872.618914784991,0.006907351800065281,"0.0000,0.0000,0.0000,0.0000,0.0000,0.0000","1.0000,1.0125,1.0140,1.0118,1.0017,1.0017"
9933.119323557301,0.006109400843784949,"0.0000,0.0000,0.0000,0.0000,0.0000,0.0000","1.0000,1.0002,1.0114,1.0053,1.0026,1.0174"
10155.64044426562,0.022154699930650695,"0.0000,0.0000,0.0000,0.0000,0.0000,0.0000","1.0000,1.0077,1.0050,0.9933,1.1090,1.0196"
10224.801717839098,0.006787049908977594,"0.0000,0.0000,0.0000,0.0000,0.0000,0.0000","1.0000,1.0032,1.0113,0.9667,1.0339,1.0261"
10127.943178337911,-0.009518054810062836,"0.0000,0.0000,0.0000,0.0000,0.0000,0.0000","1.0000,0.9916,0.9923,0.9848,0.9907,0.9840"
10072.00340199748,-0.005538620522591924,"0.0000,0.0000,0.0000,0.0000,0.0000,0.0000","1.0000,1.0066,0.9971,1.0037,0.9669,0.9925"
10157.217652578285,0.008424917043233159,"0.0000,0.0000,0.0000,0.0000,0.0000,0.0000","1.0000,1.0192,1.0059,1.0147,1.0144,0.9967"
10189.935038978861,0.003215920683730803,"0.0000,0.0000,0.0000,0.0000,0.0000,0.0000","1.0000,1.0234,1.0034,0.9856,1.0015,1.0054"
10366.841522579296,0.017211925267893363,"0.0000,0.0000,0.0000,0.0000,0.0000,0.0000","1.0000,1.0127,1.0216,1.0128,1.0387,1.0185"
10462.308127963943,0.009166699119008912,"0.0000,0.0000,0.0000,0.0000,0.0000,0.0000","1.0000,1.0049,1.0257,1.0224,1.0070,0.9953"
10406.782396822728,-0.00532134949541183,"0.0000,0.0000,0.0000,0.0000,0.0000,0.0000","1.0000,1.0059,1.0081,0.9753,0.9744,1.0046"
10511.150157395141,0.009978866349201806,"0.0000,0.0000,0.0000,0.0000,0.0000,0.0000","1.0000,1.0070,1.0078,0.9987,1.0534,0.9935"
10469.546913158598,-0.003965864301351529,"0.0000,0.0000,0.0000,0.0000,0.0000,0.0000","1.0000,0.9979,1.0000,1.0017,0.9768,1.0000"
10515.194370001622,0.004350544829256268,"0.0000,0.0000,0.0000,0.0000,0.0000,0.0000","1.0000,1.0082,1.0105,0.9971,0.9960,1.0144"
10513.916706696455,-0.00012151377222547028,"0.0000,0.0000,0.0000,0.0000,0.0000,0.0000","1.0000,1.0270,0.9943,0.9865,0.9916,1.0000"
10519.999710904698,0.000578399595877494,"0.0000,0.0000,0.0000,0.0000,0.0000,0.0000","1.0000,0.9938,0.9946,0.9909,1.0263,0.9981"
10514.977918489209,-0.0004774706775896368,"0.0000,0.0000,0.0000,0.0000,0.0000,0.0000","1.0000,0.9744,1.0050,1.0177,0.9982,1.0019"
10572.84112690426,0.0054878461836177185,"0.0000,0.0000,0.0000,0.0000,0.0000,0.0000","1.0000,1.0126,1.0114,0.9905,1.0159,1.0028"
10540.48805198248,-0.0030647085516940387,"0.0000,0.0000,0.0000,0.0000,0.0000,0.0000","1.0000,0.9850,1.0018,0.9971,1.0068,0.9911"
10573.198144963384,0.0030984754481388848,"0.0000,0.0000,0.0000,0.0000,0.0000,0.0000","1.0000,1.0049,1.0087,0.9868,0.9926,1.0257"
10471.92474706573,-0.009624479758794408,"0.0000,0.0000,0.0000,0.0000,0.0000,0.0000","1.0000,1.0021,0.9900,0.9712,0.9900,0.9894"
10508.126693977681,0.0034510861848071877,"0.0000,0.0000,0.0000,0.0000,0.0000,0.0000","1.0000,0.9937,0.9828,1.0479,1.0022,0.9943"
10526.55636361201,0.0017523130060687973,"0.0000,0.0000,0.0000,0.0000,0.0000,0.0000","1.0000,0.9834,1.0128,1.0071,1.0061,1.0013"
10405.419584664156,-0.011574457338934899,"0.0000,0.0000,0.0000,0.0000,0.0000,0.0000","1.0000,1.0015,0.9864,0.9803,0.9804,0.9825"
10381.26607308827,-0.002323941665743616,"0.0000,0.0000,0.0000,0.0000,0.0000,0.0000","1.0000,1.0043,1.0049,0.9778,0.9913,1.0079"
10227.438357984227,-0.014928698941028735,"0.0000,0.0000,0.0000,0.0000,0.0000,0.0000","1.0000,0.9793,0.9752,1.0053,0.9743,0.9770"
10190.710478789011,-0.003597575774525174,"0.0000,0.0000,0.0000,0.0000,0.0000,0.0000","1.0000,0.9818,1.0001,0.9882,1.0102,0.9983"
10299.995198539276,0.010666861130902457,"0.0000,0.0000,0.0000,0.0000,0.0000,0.0000","1.0000,1.0181,1.0183,0.9991,1.0108,1.0181"
10226.803195437216,-0.007131391061500249,"0.0000,0.0000,0.0000,0.0000,0.0000,0.0000","1.0000,0.9931,1.0028,0.9993,0.9790,0.9832"
10283.511357058393,0.005529735390228211,"0.0000,0.0000,0.0000,0.0000,0.0000,0.0000","1.0000,1.0110,1.0091,1.0261,0.9721,1.0149"
10384.14914898759,0.009738749801870577,"0.0000,0.0000,0.0000,0.0000,0.0000,0.0000","1.0000,1.0167,1.0170,1.0060,1.0360,0.9832"
10453.797178402037,0.006684755558671388,"0.0000,0.0000,0.0000,0.0000,0.0000,0.0000","1.0000,1.0113,0.9652,1.0011,1.0508,1.0121"
10450.582853247925,-0.00030752647766431015,"0.0000,0.0000,0.0000,0.0000,0.0000,0.0000","1.0000,0.9924,1.0033,1.0136,0.9908,0.9984"
10441.957048847642,-0.0008257306130146258,"0.0000,0.0000,0.0000,0.0000,0.0000,0.0000","1.0000,0.9875,1.0029,0.9937,1.0022,1.0090"
10401.158402329545,-0.003914836888961658,"0.0000,0.0000,0.0000,0.0000,0.0000,0.0000","1.0000,1.0104,0.9869,0.9888,0.9953,0.9951"
10348.13563585348,-0.005110813099775263,"0.0000,0.0000,0.0000,0.0000,0.0000,0.0000","1.0000,0.9959,0.9882,0.9926,0.9924,1.0003"
10162.161294187757,-0.018135226350808883,"0.0000,0.0000,0.0000,0.0000,0.0000,0.0000","1.0000,0.9739,0.9693,1.0014,0.9681,0.9796"
10165.38463975762,0.0003171406531169865,"0.0000,0.0000,0.0000,0.0000,0.0000,0.0000","1.0000,1.0070,0.9978,1.0050,0.9944,0.9979"
10181.967285721978,0.0016299565364997152,"0.0000,0.0000,0.0000,0.0000,0.0000,0.0000","1.0000,0.9920,1.0047,1.0049,1.0090,0.9992"
10240.6448643979,0.005746350144466331,"0.0000,0.0000,0.0000,0.0000,0.0000,0.0000","1.0000,1.0253,1.0040,0.9920,1.0116,1.0018"
10182.707026560453,-0.0056737007293609296,"0.0000,0.0000,0.0000,0.0000,0.0000,0.0000","1.0000,0.9846,1.0046,0.9921,0.9886,0.9962"
10212.604255310083,0.0029317767942947186,"0.0000,0.0000,0.0000,0.0000,0.0000,0.0000","1.0000,0.9986,1.0153,0.9894,1.0179,0.9965"
10278.935086952568,0.006473995165448029,"0.0000,0.0000,0.0000,0.0000,0.0000,0.0000","1.0000,1.0086,1.0081,0.9990,1.0216,1.0017"
10399.32599660056,0.011644332130263255,"0.0000,0.0000,0.0000,0.0000,0.0000,0.0000","1.0000,1.0162,1.0073,0.9944,1.0539,0.9986"
10369.29680599238,-0.0028917865012064244,"0.0000,0.0000,0.0000,0.0000,0.0000,0.0000","1.0000,0.9895,0.9924,1.0048,0.9871,1.0092"
10476.678539813767,0.010302485908257173,"0.0000,0.0000,0.0000,0.0000,0.0000,0.0000","1.0000,0.9967,0.9972,1.0387,1.0190,1.0106"
10546.599668222503,0.006651806205536045,"0.0000,0.0000,0.0000,0.0000,0.0000,0.0000","1.0000,1.0076,1.0118,1.0088,1.0129,0.9991"
10562.935464247294,0.0015477175772195336,"0.0000,0.0000,0.0000,0.0000,0.0000,0.0000","1.0000,1.0043,1.0026,0.9819,1.0221,0.9985"
10510.98262329308,-0.004930544570527718,"0.0000,0.0000,0.0000,0.0000,0.0000,0.0000","1.0000,0.9980,0.9933,0.9965,0.9938,0.9890"
10558.359921540188,0.0044972811086892075,"0.0000,0.0000,0.0000,0.0000,0.0000,0.0000","1.0000,0.9957,0.9991,1.0085,1.0250,0.9988"
10598.93694086338,0.003835751735001827,"0.0000,0.0000,0.0000,0.0000,0.0000,0.0000","1.0000,1.0038,1.0011,0.9961,1.0199,1.0023"
10519.051125719596,-0.00756570142437882,"0.0000,0.0000,0.0000,0.0000,0.0000,0.0000","1.0000,0.9952,0.9884,0.9928,0.9789,0.9995"
10316.96862980159,-0.01939802658480712,"0.0000,0.0000,0.0000,0.0000,0.0000,0.0000","1.0000,0.9887,0.9734,0.9743,0.9656,0.9828"
10405.875730038355,0.008580641169925811,"0.0000,0.0000,0.0000,0.0000,0.0000,0.0000","1.0000,1.0228,1.0105,1.0037,1.0117,1.0031"
10464.011780979024,0.005571299920567028,"0.0000,0.0000,0.0000,0.0000,0.0000,0.0000","1.0000,0.9946,1.0095,1.0027,1.0171,1.0097"
10654.04004052865,0.01799724617794648,"0.0000,0.0000,0.0000,0.0000,0.0000,0.0000","1.0000,1.0135,1.0118,0.9955,1.0476,1.0407"
10600.161827249241,-0.005069899027129874,"0.0000,0.0000,0.0000,0.0000,0.0000,0.0000","1.0000,1.0082,1.0135,1.0028,0.9496,0.9957"
10687.092899952668,0.008167474581777372,"0.0000,0.0000,0.0000,0.0000,0.0000,0.0000","1.0000,1.0047,1.0003,1.0278,1.0202,0.9965"
10707.895766295187,0.001944649115997631,"0.0000,0.0000,0.0000,0.0000,0.0000,0.0000","1.0000,1.0182,1.0001,1.0039,0.9952,0.9944"
10651.969097913157,-0.005236624533008709,"0.0000,0.0000,0.0000,0.0000,0.0000,0.0000","1.0000,0.9842,0.9931,1.0021,0.9942,0.9951"
10583.04155507971,-0.006491900196104184,"0.0000,0.0000,0.0000,0.0000,0.0000,0.0000","1.0000,0.9853,1.0083,0.9691,0.9900,1.0085"
10435.743493879561,-0.014016078688356465,"0.0000,0.0000,0.0000,0.0000,0.0000,0.0000","1.0000,0.9729,0.9923,0.9859,0.9847,0.9808"
10526.092249007372,0.008620362808383648,"0.0000,0.0000,0.0000,0.0000,0.0000,0.0000","1.0000,1.0304,1.0049,0.9985,1.0225,0.9958"
10505.112516602941,-0.0019951058056165787,"0.0000,0.0000,0.0000,0.0000,0.0000,0.0000","1.0000,0.9981,0.9924,0.9929,1.0078,0.9971"
10387.179908247024,-0.0112897003899529,"0.0000,0.0000,0.0000,0.0000,0.0000,0.0000","1.0000,0.9775,0.9888,0.9870,0.9737,1.0058"
10345.384448100122,-0.004031871412275584,"0.0000,0.0000,0.0000,0.0000,0.0000,0.0000","1.0000,0.9937,0.9931,1.0058,0.9878,0.9956"
10527.222103179392,0.01742401027330598,"0.0000,0.0000,0.0000,0.0000,0.0000,0.0000","1.0000,1.0020,1.0034,1.0750,1.0113,1.0139"
10714.387135609737,0.01762294694917369,"0.0000,0.0000,0.0000,0.0000,0.0000,0.0000","1.0000,1.0188,1.0211,1.0123,1.0112,1.0434"
10700.146945202609,-0.0013299558563705063,"0.0000,0.0000,0.0000,0.0000,0.0000,0.0000","1.0000,0.9898,1.0062,0.9961,1.0065,0.9935"
10719.862544790318,0.0018408586760468122,"0.0000,0.0000,0.0000,0.0000,0.0000,0.0000","1.0000,0.9964,0.9973,1.0006,1.0217,0.9952"
10776.113623522944,0.005233649934324958,"0.0000,0.0000,0.0000,0.0000,0.0000,0.0000","1.0000,1.0012,1.0067,1.0088,1.0156,0.9994"
10936.523368254959,0.014775972471261627,"0.0000,0.0000,0.0000,0.0000,0.0000,0.0000","1.0000,1.0233,1.0305,1.0099,1.0059,1.0197"
10943.24989222033,0.000614862329440947,"0.0000,0.0000,0.0000,0.0000,0.0000,0.0000","1.0000,0.9986,0.9936,1.0007,1.0171,0.9939"
10941.845847515437,-0.0001283105839259829,"0.0000,0.0000,0.0000,0.0000,0.0000,0.0000","1.0000,1.0110,1.0062,0.9847,0.9911,1.0062"
10980.947217650615,0.003567192508932198,"0.0000,0.0000,0.0000,0.0000,0.0000,0.0000","1.0000,0.9991,1.0026,1.0126,1.0049,1.0023"
10997.553333405833,0.001511123916451069,"0.0000,0.0000,0.0000,0.0000,0.0000,0.0000","1.0000,0.9999,0.9999,1.0282,0.9865,0.9946"
11070.941291051186,0.006650950091631428,"0.0000,0.0000,0.0000,0.0000,0.0000,0.0000","1.0000,1.0102,1.0119,1.0351,0.9888,0.9941"
11064.29860738718,-0.0006001908173475023,"0.0000,0.0000,0.0000,0.0000,0.0000,0.0000","1.0000,1.0088,0.9935,0.9935,0.9972,1.0036"
10959.224760482006,-0.009542037611410726,"0.0000,0.0000,0.0000,0.0000,0.0000,0.0000","1.0000,0.9780,0.9915,0.9920,0.9972,0.9845"
11015.997330079865,0.005166973573375149,"0.0000,0.0000,0.0000,0.0000,0.0000,0.0000","1.0000,1.0187,1.0101,1.0009,0.9877,1.0139"
10974.568985587011,-0.0037678332526631794,"0.0000,0.0000,0.0000,0.0000,0.0000,0.0000","1.0000,0.9980,0.9983,0.9822,0.9981,1.0010"
10861.220225666584,-0.010382017974458368,"0.0000,0.0000,0.0000,0.0000,0.0000,0.0000","1.0000,0.9886,0.9884,0.9821,0.9917,0.9873"
10916.380645816142,0.005065804854935984,"0.0000,0.0000,0.0000,0.0000,0.0000,0.0000","1.0000,1.0019,1.0099,1.0163,0.9961,1.0063"
10884.559890532355,-0.002919211474223084,"0.0000,0.0000,0.0000,0.0000,0.0000,0.0000","1.0000,0.9956,0.9994,0.9970,0.9916,0.9990"
10890.51272697968,0.0005467569913712991,"0.0000,0.0000,0.0000,0.0000,0.0000,0.0000","1.0000,1.0012,1.0039,1.0031,0.9964,0.9987"
10800.651402490708,-0.008285570847078436,"0.0000,0.0000,0.0000,0.0000,0.0000,0.0000","1.0000,0.9942,0.9828,0.9978,0.9865,0.9893"
10801.573818777482,8.540011761624605e-05,"0.0000,0.0000,0.0000,0.0000,0.0000,0.0000","1.0000,0.9945,1.0014,1.0013,1.0010,1.0023"
10660.758142076043,-0.01312231099577737,"0.0000,0.0000,0.0000,0.0000,0.0000,0.0000","1.0000,0.9934,0.9911,0.9733,0.9740,0.9899"
10634.286415879584,-0.002486187785129632,"0.0000,0.0000,0.0000,0.0000,0.0000,0.0000","1.0000,0.9970,0.9967,0.9920,0.9956,1.0040"
10813.895310184254,0.01674856126743659,"0.0000,0.0000,0.0000,0.0000,0.0000,0.0000","1.0000,1.0115,1.0213,1.0151,1.0288,1.0247"
10809.601700419877,-0.0003971244631430725,"0.0000,0.0000,0.0000,0.0000,0.0000,0.0000","1.0000,0.9977,1.0011,0.9810,1.0177,1.0001"
10770.157806859714,-0.0036556419892697207,"0.0000,0.0000,0.0000,0.0000,0.0000,0.0000","1.0000,0.9890,1.0026,0.9933,0.9977,0.9955"
10728.864233971084,-0.0038414420516294226,"0.0000,0.0000,0.0000,0.0000,0.0000,0.0000","1.0000,0.9980,0.9880,0.9941,1.0079,0.9890"
10758.764495186753,0.0027830228166366676,"0.0000,0.0000,0.0000,0.0000,0.0000,0.0000","1.0000,1.0054,1.0132,0.9997,0.9922,1.0064"
10688.001723614667,-0.0065989462128520585,"0.0000,0.0000,0.0000,0.0000,0.0000,0.0000","1.0000,0.9976,0.9746,1.0082,0.9839,0.9962"
10762.431539191759,0.00693973062229075,"0.0000,0.0000,0.0000,0.0000,0.0000,0.0000","1.0000,1.0046,1.0190,0.9994,1.0080,1.0109"
10678.72534104831,-0.007808032362759323,"0.0000,0.0000,0.0000,0.0000,0.0000,0.0000","1.0000,0.9900,1.0039,0.9884,0.9828,0.9883"
10809.34987205186,0.012158012176599129,"0.0000,0.0000,0.0000,0.0000,0.0000,0.0000","1.0000,1.0080,1.0324,0.9993,1.0280,1.0058"
10854.835982012382,0.004199204817219976,"0.0000,0.0000,0.0000,0.0000,0.0000,0.0000","1.0000,0.9955,1.0154,0.9930,1.0167,1.0048"
10824.942872176573,-0.002757696836425171,"0.0000,0.0000,0.0000,0.0000,0.0000,0.0000","1.0000,1.0085,0.9982,1.0011,0.9839,0.9919"
10860.921388846615,0.0033181568645603544,"0.0000,0.0000,0.0000,0.0000,0.0000,0.0000","1.0000,0.9952,1.0065,1.0008,1.0210,0.9965"
10787.170849638933,-0.006813609598396142,"0.0000,0.0000,0.0000,0.0000,0.0000,0.0000","1.0000,0.9941,0.9857,0.9770,1.0006,1.0019"
10576.306672251494,-0.019741264056722312,"0.0000,0.0000,0.0000,0.0000,0.0000,0.0000","1.0000,0.9825,0.9824,0.9735,0.9740,0.9705"
10506.020460988764,-0.006667809604404064,"0.0000,0.0000,0.0000,0.0000,0.0000,0.0000","1.0000,1.0071,0.9967,1.0148,0.9351,1.0064"
10550.174252281531,0.004193906507028545,"0.0000,0.0000,0.0000,0.0000,0.0000,0.0000","1.0000,1.0094,0.9991,1.0023,1.0042,1.0104"
10538.123748944967,-0.0011428617565527135,"0.0000,0.0000,0.0000,0.0000,0.0000,0.0000","1.0000,0.9987,0.9977,0.9953,0.9958,1.0057"
10462.40918915844,-0.007210758705461519,"0.0000,0.0000,0.0000,0.0000,0.0000,0.0000","1.0000,0.9965,0.9969,0.9776,0.9877,0.9982"
10445.801412163159,-0.0015886371918483048,"0.0000,0.0000,0.0000,0.0000,0.0000,0.0000","1.0000,0.9975,1.0011,0.9924,1.0046,0.9949"
10242.08844933434,-0.01969456998908066,"0.0000,0.0000,0.0000,0.0000,0.0000,0.0000","1.0000,0.9752,0.9926,0.9789,0.9517,0.9847"
10284.564073219992,0.004138588546333794,"0.0000,0.0000,0.0000,0.0000,0.0000,0.0000","1.0000,0.9796,1.0060,1.0141,1.0205,1.0048"
10460.162326004773,0.016929839761866877,"0.0000,0.0000,0.0000,0.0000,0.0000,0.0000","1.0000,1.0267,1.0015,1.0159,1.0380,1.0204"
10590.43846980856,0.012377585638104639,"0.0000,0.0000,0.0000,0.0000,0.0000,0.0000","1.0000,1.0193,1.0105,1.0194,1.0095,1.0161"
10583.586397460238,-0.000647214937213038,"0.0000,0.0000,0.0000,0.0000,0.0000,0.0000","1.0000,0.9996,1.0055,0.9956,0.9871,1.0083"
10563.056105928716,-0.0019417075763734787,"0.0000,0.0000,0.0000,0.0000,0.0000,0.0000","1.0000,1.0096,1.0028,0.9906,0.9866,0.9989"
10629.982163984801,0.006315874078876274,"0.0000,0.0000,0.0000,0.0000,0.0000,0.0000","1.0000,1.0133,1.0049,1.0099,1.0021,1.0079"
10692.566273155766,0.005870244738791894,"0.0000,0.0000,0.0000,0.0000,0.0000,0.0000","1.0000,1.0086,0.9949,1.0224,1.0050,1.0044"
10756.227171106311,0.005936099394332373,"0.0000,0.0000,0.0000,0.0000,0.0000,0.0000","1.0000,1.0189,0.9999,0.9917,0.9996,1.0257"
10720.470633949042,-0.0033298014917945,"0.0000,0.0000,0.0000,0.0000,0.0000,0.0000","1.0000,0.9900,0.9890,0.9984,1.0121,0.9906"
10663.796628089933,-0.0053005452893264745,"0.0000,0.0000,0.0000,0.0000,0.0000,0.0000","1.0000,0.9577,0.9943,1.0195,0.9975,0.9993"
10700.853402603718,0.0034689837298378574,"0.0000,0.0000,0.0000,0.0000,0.0000,0.0000","1.0000,0.9995,0.9989,0.9968,1.0289,0.9969"
10760.501021399712,0.005558621436607244,"0.0000,0.0000,0.0000,0.0000,0.0000,0.0000","1.0000,0.9947,1.0042,0.9897,1.0024,1.0425"
10630.607379759038,-0.012144787989986607,"0.0000,0.0000,0.0000,0.0000,0.0000,0.0000","1.0000,0.9861,0.9870,0.9805,0.9867,0.9874"
10678.895113997489,0.004532045448063016,"0.0000,0.0000,0.0000,0.0000,0.0000,0.0000","1.0000,1.0050,1.0083,0.9897,1.0125,1.0119"
10707.440076970172,0.0026694596964628916,"0.0000,0.0000,0.0000,0.0000,0.0000,0.0000","1.0000,0.9968,0.9958,0.9963,1.0103,1.0170"
10698.064667073151,-0.0008759812588995688,"0.0000,0.0000,0.0000,0.0000,0.0000,0.0000","1.0000,0.9950,1.0130,0.9963,0.9858,1.0049"
10590.176535718041,-0.010136023358504163,"0.0000,0.0000,0.0000,0.0000,0.0000,0.0000","1.0000,0.9913,1.0086,0.9797,0.9736,0.9864"
10501.079785643155,-0.008448740909783248,"0.0000,0.0000,0.0000,0.0000,0.0000,0.0000","1.0000,0.9764,0.9928,0.9955,0.9792,1.0057"
10441.914240097869,-0.0056501666260747605,"0.0000,0.0000,0.0000,0.0000,0.0000,0.0000","1.0000,0.9679,1.0081,1.0113,0.9856,0.9934"
10479.5496027371,0.003597779153313719,"0.0000,0.0000,0.0000,0.0000,0.0000,0.0000","1.0000,1.0066,1.0161,1.0120,0.9909,0.9961"
10363.500888408753,-0.011135597791704102,"0.0000,0.0000,0.0000,0.0000,0.0000,0.0000","1.0000,0.9977,0.9857,0.9892,0.9797,0.9813"
10409.011154538719,0.004381784817591572,"0.0000,0.0000,0.0000,0.0000,0.0000,0.0000","1.0000,1.0034,1.0061,0.9982,1.0102,1.0086"
10552.500956904381,0.013691001197671764,"0.0000,0.0000,0.0000,0.0000,0.0000,0.0000","1.0000,1.0364,1.0112,1.0209,1.0119,1.0023"
10387.141998418083,-0.01579419442010685,"0.0000,0.0000,0.0000,0.0000,0.0000,0.0000","1.0000,0.9480,1.0033,0.9611,1.0074,0.9863"
10287.50876871766,-0.009638276565692978,"0.0000,0.0000,0.0000,0.0000,0.0000,0.0000","1.0000,1.0154,0.9990,0.9488,0.9770,1.0025"
10361.29453764304,0.007146766026953031,"0.0000,0.0000,0.0000,0.0000,0.0000,0.0000","1.0000,0.9992,1.0058,1.0236,1.0094,1.0053"
10418.75873065484,0.005530721095870836,"0.0000,0.0000,0.0000,0.0000,0.0000,0.0000","1.0000,1.0070,1.0215,0.9953,1.0056,1.0039"
10445.590580531029,0.0025720298551189054,"0.0000,0.0000,0.0000,0.0000,0.0000,0.0000","1.0000,1.0103,1.0075,1.0058,0.9893,1.0026"
10402.906201187601,-0.004094725814554139,"0.0000,0.0000,0.0000,0.0000,0.0000,0.0000","1.0000,0.9944,0.9963,0.9826,1.0015,1.0008"
10326.2034469322,-0.007400520873944003,"0.0000,0.0000,0.0000,0.0000,0.0000,0.0000","1.0000,0.9872,0.9888,0.9897,0.9911,0.9991"
10086.572940163493,-0.023479561128200772,"0.0000,0.0000,0.0000,0.0000,0.0000,0.0000","1.0000,0.9795,0.9674,0.9617,0.9583,0.9940"
9725.38825873523,-0.03646531504532684,"0.0000,0.0000,0.0000,0.0000,0.0000,0.0000","1.0000,0.9388,0.9538,0.9696,0.9604,0.9627"
9385.849548041713,-0.03553662464227836,"0.0000,0.0000,0.0000,0.0000,0.0000,0.0000","1.0000,0.9750,0.9417,0.9651,0.9486,0.9602"
9471.72492467449,0.009107848985625645,"0.0000,0.0000,0.0000,0.0000,0.0000,0.0000","1.0000,1.0060,1.0040,1.0421,1.0232,0.9797"
9793.039364697328,0.033360827579300194,"0.0000,0.0000,0.0000,0.0000,0.0000,0.0000","1.0000,1.0574,1.0370,1.0013,1.0525,1.0555"
10018.783703956142,0.022789837050390574,"0.0000,0.0000,0.0000,0.0000,0.0000,0.0000","1.0000,1.0294,1.0204,1.0318,1.0327,1.0242"
10018.40474897918,-3.78251647329178e-05,"0.0000,0.0000,0.0000,0.0000,0.0000,0.0000","1.0000,1.0033,1.0062,0.9891,1.0004,1.0008"
9866.420858943464,-0.015286716886630736,"0.0000,0.0000,0.0000,0.0000,0.0000,0.0000","1.0000,0.9953,0.9895,0.9436,0.9965,0.9840"
9595.190990262045,-0.027875124958848176,"0.0000,0.0000,0.0000,0.0000,0.0000,0.0000","1.0000,0.9553,0.9672,0.9805,0.9651,0.9672"
9760.861348512834,0.017118615004532888,"0.0000,0.0000,0.0000,0.0000,0.0000,0.0000","1.0000,1.0429,1.0166,1.0110,1.0237,1.0096"
9786.414237018927,0.0026144720730794835,"0.0000,0.0000,0.0000,0.0000,0.0000,0.0000","1.0000,0.9825,1.0139,1.0142,0.9941,1.0112"
9599.65745431401,-0.01926770553052964,"0.0000,0.0000,0.0000,0.0000,0.0000,0.0000","1.0000,0.9900,0.9817,0.9615,0.9700,0.9824"
9682.942126099468,0.008638377760243504,"0.0000,0.0000,0.0000,0.0000,0.0000,0.0000","1.0000,1.0278,1.0376,0.9531,1.0138,1.0198"
9697.905489022809,0.0015441394714691564,"0.0000,0.0000,0.0000,0.0000,0.0000,0.0000","1.0000,0.9808,0.9842,1.0514,1.0064,0.9868"
9802.105012679533,0.010687226596504614,"0.0000,0.0000,0.0000,0.0000,0.0000,0.0000","1.0000,1.0220,1.0023,0.9967,1.0347,1.0091"
9883.121737471449,0.008231267361256499,"0.0000,0.0000,0.0000,0.0000,0.0000,0.0000","1.0000,1.0146,1.0062,1.0125,1.0089,1.0075"
9801.977302711404,-0.008244296276976778,"0.0000,0.0000,0.0000,0.0000,0.0000,0.0000","1.0000,1.0096,0.9908,0.9686,0.9924,0.9894"
9900.64614319104,0.010015891092355993,"0.0000,0.0000,0.0000,0.0000,0.0000,0.0000","1.0000,1.0084,1.0136,1.0359,0.9954,1.0071"
10013.974875861919,0.011381583003518613,"0.0000,0.0000,0.0000,0.0000,0.0000,0.0000","1.0000,1.0011,1.0126,1.0367,1.0116,1.0068"
9960.178972456095,-0.005386564446097416,"0.0000,0.0000,0.0000,0.0000,0.0000,0.0000","1.0000,0.9786,0.9973,0.9817,1.0107,0.9996"
9875.49634683319,-0.008538468062667585,"0.0000,0.0000,0.0000,0.0000,0.0000,0.0000","1.0000,0.9959,1.0117,0.9962,0.9618,0.9835"
9923.009793809018,0.0047997094177758435,"0.0000,0.0000,0.0000,0.0000,0.0000,0.0000","1.0000,1.0155,1.0255,0.9719,1.0020,1.0142"
9830.654668105046,-0.009350750977417298,"0.0000,0.0000,0.0000,0.0000,0.0000,0.0000","1.0000,0.9843,1.0161,0.9687,0.9827,0.9925"
9823.383981658877,-0.0007398669461680793,"0.0000,0.0000,0.0000,0.0000,0.0000,0.0000","1.0000,1.0081,1.0099,0.9693,0.9984,1.0100"
9786.457378882182,-0.003766134130744678,"0.0000,0.0000,0.0000,0.0000,0.0000,0.0000","1.0000,1.0059,0.9814,0.9987,1.0016,0.9900"
9779.798468678337,-0.0006806524981383324,"0.0000,0.0000,0.0000,0.0000,0.0000,0.0000","1.0000,0.9975,0.9907,0.9887,1.0128,1.0064"
9481.90254192837,-0.030933891151598787,"0.0000,0.0000,0.0000,0.0000,0.0000,0.0000","1.0000,0.9802,0.9686,0.9688,0.9491,0.9506"
9434.817723799377,-0.004978126726466187,"0.0000,0.0000,0.0000,0.0000,0.0000,0.0000","1.0000,0.9699,0.9914,1.0075,0.9817,1.0198"
9615.939156639173,0.019015190986518802,"0.0000,0.0000,0.0000,0.0000,0.0000,0.0000","1.0000,1.0114,1.0299,1.0199,1.0377,1.0165"
9654.432523692642,0.003995088303487696,"0.0000,0.0000,0.0000,0.0000,0.0000,0.0000","1.0000,0.9935,1.0186,0.9983,1.0090,1.0047"
9872.24680261397,0.02231032834357357,"0.0000,0.0000,0.0000,0.0000,0.0000,0.0000","1.0000,1.0073,1.0029,1.0736,1.0421,1.0097"
10015.916801046058,0.014448040603099236,"0.0000,0.0000,0.0000,0.0000,0.0000,0.0000","1.0000,1.0036,1.0220,1.0116,1.0283,1.0221"
9996.49072880054,-0.001941403433647584,"0.0000,0.0000,0.0000,0.0000,0.0000,0.0000","1.0000,1.0048,0.9920,0.9998,0.9940,0.9979"
10015.339255372224,0.0018837389844122694,"0.0000,0.0000,0.0000,0.0000,0.0000,0.0000","1.0000,0.9952,0.9472,1.0369,1.0163,1.0158"
10058.932841308111,0.004343236382763747,"0.0000,0.0000,0.0000,0.0000,0.0000,0.0000","1.0000,0.9884,1.0200,1.0214,0.9873,1.0093"
10168.818739473114,0.010864972184848803,"0.0000,0.0000,0.0000,0.0000,0.0000,0.0000","1.0000,1.0239,1.0190,1.0149,1.0068,1.0011"
10232.146681602364,0.006208347911893466,"0.0000,0.0000,0.0000,0.0000,0.0000,0.0000","1.0000,0.9954,1.0012,1.0231,1.0041,1.0137"
10195.424939787108,-0.003595315395504906,"0.0000,0.0000,0.0000,0.0000,0.0000,0.0000","1.0000,1.0017,0.9968,0.9912,0.9888,1.0001"
10102.738497278538,-0.009132558912916519,"0.0000,0.0000,0.0000,0.0000,0.0000,0.0000","1.0000,0.9859,1.0018,0.9836,0.9849,0.9893"
10356.39058154751,0.024797251221351634,"0.0000,0.0000,0.0000,0.0000,0.0000,0.0000","1.0000,1.0150,1.0354,1.0473,1.0377,1.0154"
10413.606299224171,0.005509472411917339,"0.0000,0.0000,0.0000,0.0000,0.0000,0.0000","1.0000,0.9927,1.0219,1.0029,1.0070,1.0088"
10473.393309571786,0.005724821635804365,"0.0000,0.0000,0.0000,0.0000,0.0000,0.0000","1.0000,1.0062,0.9970,1.0092,1.0092,1.0130"
10424.863908883945,-0.004644357413380459,"0.0000,0.0000,0.0000,0.0000,0.0000,0.0000","1.0000,1.0183,0.9824,0.9882,0.9927,0.9908"
10391.208697498287,-0.003233582179223653,"0.0000,0.0000,0.0000,0.0000,0.0000,0.0000","1.0000,0.9999,0.9918,0.9678,1.0320,0.9893"
10563.324564668404,0.016427923813670826,"0.0000,0.0000,0.0000,0.0000,0.0000,0.0000","1.0000,1.0153,1.0271,1.0217,1.0228,1.0127"
10739.237657187585,0.016516049991107336,"0.0000,0.0000,0.0000,0.0000,0.0000,0.0000","1.0000,1.0310,0.9932,1.0652,1.0021,1.0085"
10753.349864717618,0.0013132164327573045,"0.0000,0.0000,0.0000,0.0000,0.0000,0.0000","1.0000,0.9681,1.0112,1.0097,1.0049,1.0144"
10762.083743477997,0.0008118710874397751,"0.0000,0.0000,0.0000,0.0000,0.0000,0.0000","1.0000,0.9937,0.9911,1.0405,0.9883,0.9916"
10964.90879111624,0.01867087120989165,"0.0000,0.0000,0.0000,0.0000,0.0000,0.0000","1.0000,1.0412,1.0051,1.0366,1.0129,1.0174"
10910.012671713957,-0.005019102330307193,"0.0000,0.0000,0.0000,0.0000,0.0000,0.0000","1.0000,1.0106,0.9957,0.9984,0.9700,0.9954"
10938.900192929335,0.0026442998081330077,"0.0000,0.0000,0.0000,0.0000,0.0000,0.0000","1.0000,0.9915,1.0061,1.0196,1.0107,0.9882"
10976.722540929275,0.0034516368537542345,"0.0000,0.0000,0.0000,0.0000,0.0000,0.0000","1.0000,1.0141,1.0141,1.0062,1.0169,0.9696"
11053.840988364738,0.00700107033842278,"0.0000,0.0000,0.0000,0.0000,0.0000,0.0000","1.0000,1.0115,1.0050,0.9892,1.0010,1.0356"
11082.861830328613,0.002621967582742182,"0.0000,0.0000,0.0000,0.0000,0.0000,0.0000","1.0000,0.9953,1.0072,1.0235,0.9841,1.0058"
11071.42109508834,-0.0010328238829301864,"0.0000,0.0000,0.0000,0.0000,0.0000,0.0000","1.0000,0.9911,0.9949,0.9998,0.9965,1.0116"
11006.668710220218,-0.005865776532490303,"0.0000,0.0000,0.0000,0.0000,0.0000,0.0000","1.0000,1.0012,1.0015,0.9793,0.9894,0.9936"
10903.861340545951,-0.009384357559815837,"0.0000,0.0000,0.0000,0.0000,0.0000,0.0000","1.0000,0.9960,0.9902,0.9733,0.9936,0.9910"
10905.792422330855,0.00017708504783667188,"0.0000,0.0000,0.0000,0.0000,0.0000,0.0000","1.0000,0.9685,1.0053,1.0006,1.0083,1.0185"
10884.799283957602,-0.0019268081519881479,"0.0000,0.0000,0.0000,0.0000,0.0000,0.0000","1.0000,0.9943,1.0103,0.9806,1.0071,0.9962"
10798.916429538875,-0.007921456326488331,"0.0000,0.0000,0.0000,0.0000,0.0000,0.0000","1.0000,0.9966,0.9959,0.9863,0.9848,0.9890"
10602.914589597662,-0.018316873892576437,"0.0000,0.0000,0.0000,0.0000,0.0000,0.0000","1.0000,0.9708,0.9800,0.9631,0.9799,0.9974"
10729.70946629242,0.01188755490334774,"0.0000,0.0000,0.0000,0.0000,0.0000,0.0000","1.0000,1.0163,1.0084,1.0323,1.0048,1.0101"
10689.80092419051,-0.0037263772658493555,"0.0000,0.0000,0.0000,0.0000,0.0000,0.0000","1.0000,0.9958,1.0058,0.9978,0.9792,0.9991"
10800.172607114253,0.010272013899277085,"0.0000,0.0000,0.0000,0.0000,0.0000,0.0000","1.0000,1.0317,1.0109,0.9944,1.0045,1.0207"
10821.049601032439,0.0019311582116289649,"0.0000,0.0000,0.0000,0.0000,0.0000,0.0000","1.0000,1.0127,1.0054,1.0023,0.9952,0.9961"
10880.87517277977,0.005513402513092465,"0.0000,0.0000,0.0000,0.0000,0.0000,0.0000","1.0000,1.0044,1.0005,1.0267,1.0011,1.0005"
10882.400700797842,0.0001401928670510722,"0.0000,0.0000,0.0000,0.0000,0.0000,0.0000","1.0000,0.9870,1.0016,1.0170,0.9963,0.9990"
10894.664199354274,0.0011262766501375825,"0.0000,0.0000,0.0000,0.0000,0.0000,0.0000","1.0000,1.0096,1.0004,0.9945,1.0063,0.9960"
10860.573311773038,-0.003134042132871419,"0.0000,0.0000,0.0000,0.0000,0.0000,0.0000","1.0000,0.9928,0.9975,1.0105,0.9833,0.9971"
10862.645646292722,0.00019079442415706943,"0.0000,0.0000,0.0000,0.0000,0.0000,0.0000","1.0000,0.9981,1.0044,0.9960,0.9992,1.0035"
10858.445086600672,-0.00038677245043250435,"0.0000,0.0000,0.0000,0.0000,0.0000,0.0000","1.0000,1.0042,0.9923,1.0332,0.9785,0.9896"
10903.421764620358,0.004133537105702998,"0.0000,0.0000,0.0000,0.0000,0.0000,0.0000","1.0000,0.9919,1.0119,0.9990,1.0108,1.0114"
10822.804516743536,-0.007421226017745658,"0.0000,0.0000,0.0000,0.0000,0.0000,0.0000","1.0000,0.9910,0.9943,1.0119,0.9695,0.9891"
10685.543783070621,-0.01276365764532693,"0.0000,0.0000,0.0000,0.0000,0.0000,0.0000","1.0000,0.9907,0.9771,0.9716,0.9941,0.9905"
10904.069823033095,0.020244318138635507,"0.0000,0.0000,0.0000,0.0000,0.0000,0.0000","1.0000,1.0332,1.0297,1.0274,1.0055,1.0270"
10806.26243462243,-0.00901027666987585,"0.0000,0.0000,0.0000,0.0000,0.0000,0.0000","1.0000,0.9937,0.9678,0.9989,0.9965,0.9894"
10793.477531185765,-0.0011838017448314335,"0.0000,0.0000,0.0000,0.0000,0.0000,0.0000","1.0000,0.9996,1.0237,0.9955,0.9802,0.9940"
10631.701433397448,-0.015101780260466605,"0.0000,0.0000,0.0000,0.0000,0.0000,0.0000","1.0000,0.9779,0.9765,0.9886,0.9823,0.9850"
10672.554661365106,0.0038352222073873327,"0.0000,0.0000,0.0000,0.0000,0.0000,0.0000","1.0000,1.0048,0.9933,1.0109,1.0111,1.0031"
10512.46734218498,-0.015113542614470784,"0.0000,0.0000,0.0000,0.0000,0.0000,0.0000","1.0000,0.9743,1.0277,0.9456,0.9882,0.9743"
10594.477106126438,0.007770918887548435,"0.0000,0.0000,0.0000,0.0000,0.0000,0.0000","1.0000,0.9938,1.0201,1.0104,1.0127,1.0100"
10648.965906940497,0.005129951889274835,"0.0000,0.0000,0.0000,0.0000,0.0000,0.0000","1.0000,0.9823,1.0081,1.0238,0.9939,1.0228"
10818.980154638955,0.01583922389607991,"0.0000,0.0000,0.0000,0.0000,0.0000,0.0000","1.0000,1.0077,1.0164,1.0259,1.0302,1.0158"
10697.880144000199,-0.011256408940484224,"0.0000,0.0000,0.0000,0.0000,0.0000,0.0000","1.0000,0.9788,0.9858,0.9874,0.9956,0.9853"
10472.739599313683,-0.021269951976333055,"0.0000,0.0000,0.0000,0.0000,0.0000,0.0000","1.0000,0.9729,0.9693,0.9891,0.9725,0.9699"
10517.530144732887,0.004267750147929273,"0.0000,0.0000,0.0000,0.0000,0.0000,0.0000","1.0000,1.0123,1.0034,1.0027,0.9963,1.0111"
10600.75129792926,0.007881473141035392,"0.0000,0.0000,0.0000,0.0000,0.0000,0.0000","1.0000,0.9991,1.0240,1.0238,0.9979,1.0027"
10689.17915889702,0.008307060434992724,"0.0000,0.0000,0.0000,0.0000,0.0000,0.0000","1.0000,1.0129,1.0094,0.9995,1.0132,1.0152"
10648.114899048,-0.0038490645004713732,"0.0000,0.0000,0.0000,0.0000,0.0000,0.0000","1.0000,0.9947,0.9958,0.9871,1.0032,0.9962"
10596.962938308448,-0.0048154268932487825,"0.0000,0.0000,0.0000,0.0000,0.0000,0.0000","1.0000,0.9888,0.9989,0.9812,0.9988,1.0035"
10700.564688080056,0.009729069851487781,"0.0000,0.0000,0.0000,0.0000,0.0000,0.0000","1.0000,1.0180,1.0120,1.0136,1.0065,1.0087"
10615.183200431846,-0.008011161018952702,"0.0000,0.0000,0.0000,0.0000,0.0000,0.0000","1.0000,0.9869,0.9995,0.9810,0.9956,0.9891"
10521.381832752124,-0.008875802036569836,"0.0000,0.0000,0.0000,0.0000,0.0000,0.0000","1.0000,0.9808,0.9859,0.9950,0.9956,0.9898"
10353.923750081156,-0.016043997449949304,"0.0000,0.0000,0.0000,0.0000,0.0000,0.0000","1.0000,1.0009,0.9790,0.9436,1.0049,0.9761"
10425.460835619955,0.00688541740671001,"0.0000,0.0000,0.0000,0.0000,0.0000,0.0000","1.0000,0.9749,1.0040,1.0253,1.0299,1.0075"
10189.305048126122,-0.02291232605335216,"0.0000,0.0000,0.0000,0.0000,0.0000,0.0000","1.0000,0.9804,0.9857,0.9835,0.9278,0.9869"
9921.19458338589,-0.02666530975118194,"0.0000,0.0000,0.0000,0.0000,0.0000,0.0000","1.0000,0.9578,0.9790,0.9404,0.9848,0.9803"
9823.033899723658,-0.00994331001612073,"0.0000,0.0000,0.0000,0.0000,0.0000,0.0000","1.0000,1.0053,0.9859,0.9736,0.9884,0.9877"
9906.542505964133,0.008465372314730473,"0.0000,0.0000,0.0000,0.0000,0.0000,0.0000","1.0000,1.0162,1.0174,0.9876,1.0157,1.0143"
9986.299599805072,0.008018715554084708,"0.0000,0.0000,0.0000,0.0000,0.0000,0.0000","1.0000,1.0145,1.0049,1.0395,0.9782,1.0114"
9797.15271381023,-0.01912230955699443,"0.0000,0.0000,0.0000,0.0000,0.0000,0.0000","1.0000,0.9743,0.9831,0.9671,0.9842,0.9778"
9907.86542766975,0.011237125291052601,"0.0000,0.0000,0.0000,0.0000,0.0000,0.0000","1.0000,1.0219,1.0170,1.0279,0.9916,1.0096"
9687.915079670935,-0.02244968865037339,"0.0000,0.0000,0.0000,0.0000,0.0000,0.0000","1.0000,0.9760,0.9930,0.9632,0.9614,0.9733"
9740.67533222969,0.005431210513355386,"0.0000,0.0000,0.0000,0.0000,0.0000,0.0000","1.0000,0.9952,1.0001,1.0078,1.0359,0.9939"
9585.534704213587,-0.01605529074657977,"0.0000,0.0000,0.0000,0.0000,0.0000,0.0000","1.0000,1.0013,0.9861,0.9798,0.9473,0.9901"
9653.968219779554,0.007113884848206025,"0.0000,0.0000,0.0000,0.0000,0.0000,0.0000","1.0000,0.9949,1.0007,1.0293,1.0057,1.0125"
9830.900321899648,0.018161473861197434,"0.0000,0.0000,0.0000,0.0000,0.0000,0.0000","1.0000,1.0532,1.0185,0.9951,1.0274,1.0159"
9663.581416338955,-0.01716619262376919,"0.0000,0.0000,0.0000,0.0000,0.0000,0.0000","1.0000,0.9805,0.9681,0.9908,0.9719,0.9868"
9686.469984754232,0.0023657383245044277,"0.0000,0.0000,0.0000,0.0000,0.0000,0.0000","1.0000,1.0055,1.0014,1.0007,1.0047,1.0020"
9500.878486447147,-0.01934579828345611,"0.0000,0.0000,0.0000,0.0000,0.0000,0.0000","1.0000,0.9343,0.9765,0.9967,0.9911,0.9865"
9354.420205623832,-0.015535285734344944,"0.0000,0.0000,0.0000,0.0000,0.0000,0.0000","1.0000,1.0072,0.9961,0.9623,0.9644,0.9777"
9887.335137847589,0.05540567830487417,"0.0000,0.0000,0.0000,0.0000,0.0000,0.0000","1.0000,1.0345,1.0545,1.0016,1.1769,1.0744"
9838.215913232205,-0.004980274164612691,"0.0000,0.0000,0.0000,0.0000,0.0000,0.0000","1.0000,0.9907,1.0054,1.0000,0.9761,0.9985"
9640.754526662111,-0.020275009034590313,"0.0000,0.0000,0.0000,0.0000,0.0000,0.0000","1.0000,0.9798,0.9815,0.9711,0.9605,0.9868"
9628.034735344534,-0.0013202483033292228,"0.0000,0.0000,0.0000,0.0000,0.0000,0.0000","1.0000,1.0198,1.0005,0.9747,0.9839,1.0134"
9626.584986225293,-0.00015058714666351167,"0.0000,0.0000,0.0000,0.0000,0.0000,0.0000","1.0000,1.0026,0.9815,1.0224,1.0023,0.9906"
9323.446354687272,-0.03199619961875956,"0.0000,0.0000,0.0000,0.0000,0.0000,0.0000","1.0000,0.9733,0.9171,0.9658,0.9841,0.9710"
9097.924985411642,-0.02448597695103141,"0.0000,0.0000,0.0000,0.0000,0.0000,0.0000","1.0000,1.0105,0.9462,0.9754,0.9756,0.9473"
9062.702093473392,-0.003879044038706341,"0.0000,0.0000,0.0000,0.0000,0.0000,0.0000","1.0000,0.9998,0.9855,1.0047,0.9788,1.0083"
9138.156670787503,0.00829136806812743,"0.0000,0.0000,0.0000,0.0000,0.0000,0.0000","1.0000,0.9924,1.0227,1.0064,1.0019,1.0266"
9011.743243810235,-0.01393015628384625,"0.0000,0.0000,0.0000,0.0000,0.0000,0.0000","1.0000,0.9940,0.9922,0.9804,0.9745,0.9761"
9143.121019648823,0.014473263726051191,"0.0000,0.0000,0.0000,0.0000,0.0000,0.0000","1.0000,1.0031,1.0231,1.0053,1.0276,1.0285"
9434.528404503779,0.03137439853492709,"0.0000,0.0000,0.0000,0.0000,0.0000,0.0000","1.0000,1.0282,1.0288,1.0887,1.0360,1.0097"
9584.681310921358,0.01578993326780063,"0.0000,0.0000,0.0000,0.0000,0.0000,0.0000","1.0000,1.0153,1.0377,1.0014,1.0283,1.0131"
9517.142826394218,-0.007071446735338856,"0.0000,0.0000,0.0000,0.0000,0.0000,0.0000","1.0000,0.9810,0.9839,1.0021,1.0018,0.9890"
9526.778666964814,0.001011959789507043,"0.0000,0.0000,0.0000,0.0000,0.0000,0.0000","1.0000,0.9977,1.0042,1.0114,0.9887,1.0041"
9693.435862188497,0.017342300927070637,"0.0000,0.0000,0.0000,0.0000,0.0000,0.0000","1.0000,1.0087,1.0362,1.0232,1.0155,1.0214"
9520.780862112815,-0.017972072425206823,"0.0000,0.0000,0.0000,0.0000,0.0000,0.0000","1.0000,0.9774,0.9913,0.9728,0.9641,0.9875"
9544.583110200438,0.0024969112038538467,"0.0000,0.0000,0.0000,0.0000,0.0000,0.0000","1.0000,1.0149,1.0042,1.0039,0.9963,0.9958"
9628.888410543126,0.008794009322777198,"0.0000,0.0000,0.0000,0.0000,0.0000,0.0000","1.0000,1.0069,1.0391,0.9915,0.9958,1.0198"
9638.83513187829,0.0010324750816430302,"0.0000,0.0000,0.0000,0.0000,0.0000,0.0000","1.0000,1.0016,0.9991,1.0038,1.0094,0.9926"
9641.453275087666,0.0002715875582570308,"0.0000,0.0000,0.0000,0.0000,0.0000,0.0000","1.0000,1.0004,1.0013,1.0000,1.0000,1.0000"
9614.979406429775,-0.002749614715780341,"0.0000,0.0000,0.0000,0.0000,0.0000,0.0000","1.0000,0.9973,0.9820,1.0284,0.9805,0.9953"
9873.690418985918,0.026551448972565353,"0.0000,0.0000,0.0000,0.0000,0.0000,0.0000","1.0000,1.0397,1.0378,1.0298,1.0232,1.0311"
9908.77826510078,0.003547371510622427,"0.0000,0.0000,0.0000,0.0000,0.0000,0.0000","1.0000,1.0022,1.0002,1.0055,1.0180,0.9954"
9893.141718994895,-0.001579296287276146,"0.0000,0.0000,0.0000,0.0000,0.0000,0.0000","1.0000,1.0074,0.9867,0.9968,1.0050,0.9948"
9986.794417052075,0.009421900576373066,"0.0000,0.0000,0.0000,0.0000,0.0000,0.0000","1.0000,1.0149,0.9882,1.0169,1.0371,0.9999"
9939.760941870412,-0.004720691728124518,"0.0000,0.0000,0.0000,0.0000,0.0000,0.0000","1.0000,0.9889,0.9876,1.0093,1.0126,0.9735"
9785.088653235518,-0.01568330934258974,"0.0000,0.0000,0.0000,0.0000,0.0000,0.0000","1.0000,0.9918,0.9911,0.9750,0.9673,0.9817"
9896.270368252119,0.011298294757161681,"0.0000,0.0000,0.0000,0.0000,0.0000,0.0000","1.0000,1.0009,1.0109,1.0191,1.0365,1.0008"
9894.447931140872,-0.00018417089150855482,"0.0000,0.0000,0.0000,0.0000,0.0000,0.0000","1.0000,1.0005,0.9951,0.9936,1.0163,0.9935"
10080.450200318568,0.01862413958719231,"0.0000,0.0000,0.0000,0.0000,0.0000,0.0000","1.0000,1.0108,1.0136,1.0283,1.0402,1.0201"
10083.984792829055,0.00035057689916810555,"0.0000,0.0000,0.0000,0.0000,0.0000,0.0000","1.0000,1.0025,1.0117,0.9911,0.9988,0.9980"
10094.275322375413,0.0010199621156363522,"0.0000,0.0000,0.0000,0.0000,0.0000,0.0000","1.0000,1.0201,0.9979,0.9847,0.9976,1.0059"
10249.972130821741,0.01530652324580691,"0.0000,0.0000,0.0000,0.0000,0.0000,0.0000","1.0000,1.0133,1.0154,1.0176,1.0400,1.0064"
10356.892108804568,0.010377215691357527,"0.0000,0.0000,0.0000,0.0000,0.0000,0.0000","1.0000,0.9984,1.0203,1.0102,1.0231,1.0106"
10498.645093597122,0.013594007804373693,"0.0000,0.0000,0.0000,0.0000,0.0000,0.0000","1.0000,1.0011,1.0385,1.0269,1.0069,1.0088"
10536.702782959066,0.003618455098539167,"0.0000,0.0000,0.0000,0.0000,0.0000,0.0000","1.0000,0.9999,0.9902,1.0244,1.0076,0.9999"
10519.4575704193,-0.001638020997774577,"0.0000,0.0000,0.0000,0.0000,0.0000,0.0000","1.0000,1.0076,1.0006,1.0009,0.9921,0.9890"
10442.492722629935,-0.007343323743261931,"0.0000,0.0000,0.0000,0.0000,0.0000,0.0000","1.0000,0.9945,0.9957,0.9793,0.9737,1.0130"
10424.205961877275,-0.0017527224321021303,"0.0000,0.0000,0.0000,0.0000,0.0000,0.0000","1.0000,0.9957,1.0039,0.9909,0.9961,1.0031"
10432.202162341338,0.0007667859976873552,"0.0000,0.0000,0.0000,0.0000,0.0000,0.0000","1.0000,0.9955,0.9987,1.0082,1.0031,0.9992"
10597.065714766071,0.01567975937945883,"0.0000,0.0000,0.0000,0.0000,0.0000,0.0000","1.0000,1.0237,1.0089,1.0209,1.0239,1.0175"
10663.834909004901,0.006280958170716633,"0.0000,0.0000,0.0000,0.0000,0.0000,0.0000","1.0000,1.0175,1.0060,1.0100,0.9859,1.0186"
10646.826891474831,-0.0015961983067875956,"0.0000,0.0000,0.0000,0.0000,0.0000,0.0000","1.0000,0.9948,1.0002,1.0022,0.9973,0.9961"
10652.641055189666,0.0005459445159669106,"0.0000,0.0000,0.0000,0.0000,0.0000,0.0000","1.0000,1.0092,1.0145,0.9962,0.9689,1.0145"
10720.745901289754,0.006372885751575393,"0.0000,0.0000,0.0000,0.0000,0.0000,0.0000","1.0000,1.0103,0.9931,1.0044,1.0277,1.0031"
10639.341591951073,-0.00762213202315172,"0.0000,0.0000,0.0000,0.0000,0.0000,0.0000","1.0000,0.9882,0.9965,0.9777,1.0031,0.9890"
10751.003286451036,0.010440477647885837,"0.0000,0.0000,0.0000,0.0000,0.0000,0.0000","1.0000,1.0105,1.0131,1.0176,1.0058,1.0161"
10605.160355560947,-0.013658370537976633,"0.0000,0.0000,0.0000,0.0000,0.0000,0.0000","1.0000,0.9782,0.9830,0.9864,0.9791,0.9919"
10673.302361916507,0.006404808486512295,"0.0000,0.0000,0.0000,0.0000,0.0000,0.0000","1.0000,1.0011,1.0031,0.9982,1.0304,1.0058"
10720.59912861902,0.00442152580512675,"0.0000,0.0000,0.0000,0.0000,0.0000,0.0000","1.0000,1.0033,0.9881,1.0031,1.0349,0.9973"
10837.706883006666,0.010864388530598915,"0.0000,0.0000,0.0000,0.0000,0.0000,0.0000","1.0000,1.0130,1.0051,1.0019,1.0367,1.0090"
10962.184248662401,0.011420122949628145,"0.0000,0.0000,0.0000,0.0000,0.0000,0.0000","1.0000,1.0145,1.0119,1.0229,1.0046,1.0152"
10942.973190169136,-0.0017540219441284568,"0.0000,0.0000,0.0000,0.0000,0.0000,0.0000","1.0000,1.0005,0.9990,0.9996,0.9826,1.0078"
10837.101658083848,-0.009721946935748805,"0.0000,0.0000,0.0000,0.0000,0.0000,0.0000","1.0000,0.9799,1.0076,0.9920,0.9656,0.9969"
10843.8655346806,0.0006239460404189376,"0.0000,0.0000,0.0000,0.0000,0.0000,0.0000","1.0000,0.9784,1.0146,1.0005,0.9932,1.0171"
10846.635894798967,0.00025544454492560455,"0.0000,0.0000,0.0000,0.0000,0.0000,0.0000","1.0000,0.9947,0.9997,1.0057,1.0102,0.9914"
10974.430887024391,0.011713126089946176,"0.0000,0.0000,0.0000,0.0000,0.0000,0.0000","1.0000,1.0021,0.9980,1.0220,1.0437,1.0050"
10839.052106549698,-0.012412554077470815,"0.0000,0.0000,0.0000,0.0000,0.0000,0.0000","1.0000,0.9892,1.0004,0.9947,0.9463,0.9956"
10761.740562942665,-0.007158244136030391,"0.0000,0.0000,0.0000,0.0000,0.0000,0.0000","1.0000,0.9973,0.9836,0.9890,1.0083,0.9792"
10661.688035570347,-0.009340545500579243,"0.0000,0.0000,0.0000,0.0000,0.0000,0.0000","1.0000,0.9943,1.0107,0.9869,0.9647,0.9877"
10664.106247532047,0.0002267875174976151,"0.0000,0.0000,0.0000,0.0000,0.0000,0.0000","1.0000,0.9931,1.0037,0.9971,1.0027,1.0050"
10515.817309937363,-0.014003011888054114,"0.0000,0.0000,0.0000,0.0000,0.0000,0.0000","1.0000,0.9374,0.9947,0.9878,0.9938,1.0029"
10280.61635219465,-0.022620319466777956,"0.0000,0.0000,0.0000,0.0000,0.0000,0.0000","1.0000,0.9694,0.9791,0.9839,0.9473,0.9863"
10262.41917899974,-0.0017716152928594986,"0.0000,0.0000,0.0000,0.0000,0.0000,0.0000","1.0000,0.9885,1.0062,1.0071,0.9934,0.9943"
10336.442631269374,0.007187170980020546,"0.0000,0.0000,0.0000,0.0000,0.0000,0.0000","1.0000,0.9989,1.0072,0.9957,1.0257,1.0158"
10256.64738200267,-0.007749749899694168,"0.0000,0.0000,0.0000,0.0000,0.0000,0.0000","1.0000,1.0164,0.9869,0.9909,0.9757,0.9838"
10201.658508246579,-0.005375714536169293,"0.0000,0.0000,0.0000,0.0000,0.0000,0.0000","1.0000,0.9896,0.9923,0.9988,0.9888,0.9984"
10277.804463747827,0.007436357731381551,"0.0000,0.0000,0.0000,0.0000,0.0000,0.0000","1.0000,0.9899,1.0060,1.0397,1.0055,1.0038"
10290.830453873006,0.0012665878818653186,"0.0000,0.0000,0.0000,0.0000,0.0000,0.0000","1.0000,0.9944,1.0086,1.0047,0.9954,1.0047"
10317.535195299766,0.002591642328991849,"0.0000,0.0000,0.0000,0.0000,0.0000,0.0000","1.0000,1.0008,1.0033,1.0027,1.0025,1.0064"
10452.51267430707,0.012997502947704387,"0.0000,0.0000,0.0000,0.0000,0.0000,0.0000","1.0000,1.0068,1.0202,1.0039,1.0351,1.0125"
10372.990285230633,-0.007637056904710977,"0.0000,0.0000,0.0000,0.0000,0.0000,0.0000","1.0000,0.9903,0.9956,1.0010,0.9915,0.9760"
10419.161217244502,0.00444119579436649,"0.0000,0.0000,0.0000,0.0000,0.0000,0.0000","1.0000,0.9765,0.9985,0.9920,1.0521,1.0076"
10373.724861223876,-0.004370382078714316,"0.0000,0.0000,0.0000,0.0000,0.0000,0.0000","1.0000,1.0020,1.0001,0.9747,1.0108,0.9864"
10545.785971884503,0.01645019256143761,"0.0000,0.0000,0.0000,0.0000,0.0000,0.0000","1.0000,1.0371,1.0131,1.0276,1.0092,1.0126"
10463.962213439505,-0.007789162575133289,"0.0000,0.0000,0.0000,0.0000,0.0000,0.0000","1.0000,0.9958,0.9866,1.0008,0.9833,0.9870"
10563.126295817661,0.009432101596693098,"0.0000,0.0000,0.0000,0.0000,0.0000,0.0000","1.0000,1.0114,1.0080,0.9960,1.0332,1.0083"
10467.650862453926,-0.009079653933989787,"0.0000,0.0000,0.0000,0.0000,0.0000,0.0000","1.0000,0.9962,0.9915,0.9910,0.9742,0.9929"
10556.423733994081,0.008444928095688708,"0.0000,0.0000,0.0000,0.0000,0.0000,0.0000","1.0000,1.0108,1.0104,1.0060,1.0134,1.0103"
10556.967069773653,5.146835813745632e-05,"0.0000,0.0000,0.0000,0.0000,0.0000,0.0000","1.0000,1.0127,0.9973,1.0027,0.9936,0.9941"
10840.247868029124,0.026479834080535676,"0.0000,0.0000,0.0000,0.0000,0.0000,0.0000","1.0000,1.0152,1.0312,1.0268,1.0598,1.0281"
10744.906350717863,-0.008834047362833858,"0.0000,0.0000,0.0000,0.0000,0.0000,0.0000","1.0000,1.0176,0.9998,0.9318,1.0022,0.9960"
10827.91820722472,0.007696003460797508,"0.0000,0.0000,0.0000,0.0000,0.0000,0.0000","1.0000,1.0079,0.9976,1.0365,1.0054,0.9992"
10914.073216256053,0.007925259310477762,"0.0000,0.0000,0.0000,0.0000,0.0000,0.0000","1.0000,0.9994,1.0077,1.0334,0.9989,1.0084"
10889.130801228179,-0.002287959685970849,"0.0000,0.0000,0.0000,0.0000,0.0000,0.0000","1.0000,0.9951,0.9933,1.0127,0.9943,0.9910"
10762.906900273787,-0.011659441261351485,"0.0000,0.0000,0.0000,0.0000,0.0000,0.0000","1.0000,0.9860,1.0057,0.9352,1.0000,1.0035"
10791.090625345805,0.0026151753150406467,"0.0000,0.0000,0.0000,0.0000,0.0000,0.0000","1.0000,0.9925,1.0013,1.0080,1.0050,1.0092"
10748.980076354625,-0.003909978126156469,"0.0000,0.0000,0.0000,0.0000,0.0000,0.0000","1.0000,1.0020,0.9853,0.9912,0.9982,0.9999"
10871.022768860028,0.011289914223897675,"0.0000,0.0000,0.0000,0.0000,0.0000,0.0000","1.0000,1.0073,1.0043,1.0188,1.0304,1.0075"
10869.106249316234,-0.00017631169963687509,"0.0000,0.0000,0.0000,0.0000,0.0000,0.0000","1.0000,1.0041,0.9939,0.9972,1.0031,1.0007"
10907.426396640858,0.0035194020555075704,"0.0000,0.0000,0.0000,0.0000,0.0000,0.0000","1.0000,0.9991,1.0016,0.9974,1.0100,1.0130"
10873.01596409979,-0.0031597577864411306,"0.0000,0.0000,0.0000,0.0000,0.0000,0.0000","1.0000,1.0072,0.9938,0.9990,0.9859,0.9952"
10730.892069399637,-0.013157429185825437,"0.0000,0.0000,0.0000,0.0000,0.0000,0.0000","1.0000,0.9918,0.9900,0.9789,0.9743,0.9867"
10618.139910312088,-0.0105628402767606,"0.0000,0.0000,0.0000,0.0000,0.0000,0.0000","1.0000,0.9849,0.9987,0.9938,0.9818,0.9778"
10688.387509132244,0.006594021820084034,"0.0000,0.0000,0.0000,0.0000,0.0000,0.0000","1.0000,1.0012,1.0002,1.0307,1.0055,1.0022"
10709.460843217114,0.001969669150922697,"0.0000,0.0000,0.0000,0.0000,0.0000,0.0000","1.0000,0.9967,1.0004,1.0080,1.0119,0.9949"
10711.174773250625,0.00016002606718651808,"0.0000,0.0000,0.0000,0.0000,0.0000,0.0000","1.0000,1.0042,1.0018,0.9985,0.9943,1.0023"
10586.079870934265,-0.011747649457189261,"0.0000,0.0000,0.0000,0.0000,0.0000,0.0000","1.0000,0.9772,0.9834,0.9838,1.0029,0.9826"
10699.69705520774,0.010675510103472473,"0.0000,0.0000,0.0000,0.0000,0.0000,0.0000","1.0000,0.9976,1.0252,1.0149,1.0222,1.0045"
10790.407522246272,0.008442118599353234,"0.0000,0.0000,0.0000,0.0000,0.0000,0.0000","1.0000,1.0085,1.0177,1.0060,1.0189,0.9999"
10635.284569609268,-0.014480340936580115,"0.0000,0.0000,0.0000,0.0000,0.0000,0.0000","1.0000,0.9962,0.9427,1.0014,0.9838,0.9897"
10759.39833501502,0.011602430217652214,"0.0000,0.0000,0.0000,0.0000,0.0000,0.0000","1.0000,1.0058,1.0234,1.0052,1.0136,1.0222"
10410.113044422496,-0.033001894567695686,"0.0000,0.0000,0.0000,0.0000,0.0000,0.0000","1.0000,0.9719,0.9583,0.9640,0.9517,0.9594"
10240.228549403448,-0.01645380314240281,"0.0000,0.0000,0.0000,0.0000,0.0000,0.0000","1.0000,0.9854,0.9854,0.9730,0.9812,0.9772"
10454.095673110367,0.020669893427359556,"0.0000,0.0000,0.0000,0.0000,0.0000,0.0000","1.0000,1.0168,1.0177,1.0276,1.0384,1.0248"
10657.775856909133,0.019295921084064388,"0.0000,0.0000,0.0000,0.0000,0.0000,0.0000","1.0000,1.0087,1.0209,1.0231,1.0434,1.0210"
10681.636749666244,0.0022363223525710685,"0.0000,0.0000,0.0000,0.0000,0.0000,0.0000","1.0000,1.0127,1.0148,1.0191,1.0003,0.9665"
10690.490375704996,0.0008285208574024322,"0.0000,0.0000,0.0000,0.0000,0.0000,0.0000","1.0000,1.0030,0.9951,1.0015,1.0014,1.0042"
10639.884635572012,-0.00474495502807796,"0.0000,0.0000,0.0000,0.0000,0.0000,0.0000","1.0000,0.9906,0.9938,0.9915,0.9932,1.0026"
10691.082510512602,0.004800342422719846,"0.0000,0.0000,0.0000,0.0000,0.0000,0.0000","1.0000,1.0057,1.0048,0.9958,1.0308,0.9918"
10724.069572625469,0.003080724159645152,"0.0000,0.0000,0.0000,0.0000,0.0000,0.0000","1.0000,1.0043,0.9996,1.0090,0.9997,1.0061"
10836.772587466168,0.010454511981374044,"0.0000,0.0000,0.0000,0.0000,0.0000,0.0000","1.0000,1.0077,1.0173,0.9955,1.0170,1.0256"
10943.522450082606,0.009802504256481425,"0.0000,0.0000,0.0000,0.0000,0.0000,0.0000","1.0000,1.0031,1.0036,1.0313,1.0199,1.0013"
10952.563930934979,0.0008258536442471439,"0.0000,0.0000,0.0000,0.0000,0.0000,0.0000","1.0000,1.0045,1.0041,1.0034,0.9804,1.0125"
10849.70438562059,-0.00943574374737916,"0.0000,0.0000,0.0000,0.0000,0.0000,0.0000","1.0000,0.9944,0.9979,0.9857,0.9660,0.9997"
10964.095173868482,0.010488024931514277,"0.0000,0.0000,0.0000,0.0000,0.0000,0.0000","1.0000,1.0198,1.0037,1.0145,1.0166,1.0088"
10959.00727992994,-0.00046415821306405267,"0.0000,0.0000,0.0000,0.0000,0.0000,0.0000","1.0000,0.9999,1.0013,0.9940,1.0000,1.0020"
11025.119520279894,0.006014561347032975,"0.0000,0.0000,0.0000,0.0000,0.0000,0.0000","1.0000,1.0106,0.9996,1.0172,1.0087,1.0001"
11036.174507777565,0.0010022067072702884,"0.0000,0.0000,0.0000,0.0000,0.0000,0.0000","1.0000,1.0004,1.0000,1.0015,0.9990,1.0052"
11116.056415852046,0.007212118237845309,"0.0000,0.0000,0.0000,0.0000,0.0000,0.0000","1.0000,1.0009,1.0062,1.0199,1.0083,1.0081"
11017.186911208353,-0.008934087138664578,"0.0000,0.0000,0.0000,0.0000,0.0000,0.0000","1.0000,0.9947,0.9791,0.9972,0.9830,0.9928"
11081.325001576794,0.0058047592269661365,"0.0000,0.0000,0.0000,0.0000,0.0000,0.0000","1.0000,0.9923,1.0179,1.0037,1.0070,1.0142"
10969.686797000508,-0.010125536135675838,"0.0000,0.0000,0.0000,0.0000,0.0000,0.0000","1.0000,0.9866,0.9925,0.9846,0.9881,0.9879"
10988.542336892548,0.0017174011994817802,"0.0000,0.0000,0.0000,0.0000,0.0000,0.0000","1.0000,0.9931,1.0061,1.0048,1.0121,0.9943"
11108.860354007114,0.01088989577973054,"0.0000,0.0000,0.0000,0.0000,0.0000,0.0000","1.0000,1.0650,1.0002,0.9941,1.0060,1.0005"
11176.72009751504,0.006090032376769886,"0.0000,0.0000,0.0000,0.0000,0.0000,0.0000","1.0000,1.0135,1.0052,1.0002,1.0095,1.0084"
11287.857092514123,0.0098945019762413,"0.0000,0.0000,0.0000,0.0000,0.0000,0.0000","1.0000,0.9988,0.9941,0.9923,1.0890,0.9856"
11313.945637702735,0.0023085376937630447,"0.0000,0.0000,0.0000,0.0000,0.0000,0.0000","1.0000,1.0177,0.9986,1.0226,0.9728,1.0027"
11241.845591024256,-0.006393062563438884,"0.0000,0.0000,0.0000,0.0000,0.0000,0.0000","1.0000,0.9852,0.9829,0.9936,1.0000,1.0003"
11276.034140180138,0.003036571456493421,"0.0000,0.0000,0.0000,0.0000,0.0000,0.0000","1.0000,1.0125,1.0065,0.9984,0.9954,1.0055"
11342.631505641222,0.005888725617508724,"0.0000,0.0000,0.0000,0.0000,0.0000,0.0000","1.0000,1.0008,1.0043,1.0129,1.0077,1.0098"
11428.380767515748,0.0075314760868829865,"0.0000,0.0000,0.0000,0.0000,0.0000,0.0000","1.0000,1.0152,1.0201,0.9981,1.0037,1.0083"
11413.683330776199,-0.0012868748379837093,"0.0000,0.0000,0.0000,0.0000,0.0000,0.0000","1.0000,1.0083,0.9944,1.0048,0.9872,0.9976"
11468.958465993868,0.004831194161994025,"0.0000,0.0000,0.0000,0.0000,0.0000,0.0000","1.0000,1.0041,1.0039,1.0028,1.0170,1.0014"
11526.29874205247,0.00498714968790617,"0.0000,0.0000,0.0000,0.0000,0.0000,0.0000","1.0000,0.9926,1.0177,1.0245,1.0000,0.9953"
11664.173782641601,0.011890802566853808,"0.0000,0.0000,0.0000,0.0000,0.0000,0.0000","1.0000,0.9994,1.0104,1.0508,1.0058,1.0055"
11778.154419740851,0.009724421083323527,"0.0000,0.0000,0.0000,0.0000,0.0000,0.0000","1.0000,1.0023,0.9938,1.0706,0.9933,0.9988"
11795.717094271247,0.0014900121746443137,"0.0000,0.0000,0.0000,0.0000,0.0000,0.0000","1.0000,1.0120,0.9989,0.9890,0.9982,1.0111"
11775.753164921029,-0.0016939065662233846,"0.0000,0.0000,0.0000,0.0000,0.0000,0.0000","1.0000,0.9991,0.9967,0.9948,1.0006,0.9988"
11738.352162579342,-0.0031811572978461427,"0.0000,0.0000,0.0000,0.0000,0.0000,0.0000","1.0000,0.9985,0.9911,1.0035,0.9875,1.0004"
11785.0879590708,0.003973556396765038,"0.0000,0.0000,0.0000,0.0000,0.0000,0.0000","1.0000,0.9987,1.0097,1.0000,1.0226,0.9929"
11762.592276389933,-0.0019106501616683066,"0.0000,0.0000,0.0000,0.0000,0.0000,0.0000","1.0000,1.0026,0.9965,0.9986,0.9885,1.0025"
11752.928999117095,-0.0008218637982591562,"0.0000,0.0000,0.0000,0.0000,0.0000,0.0000","1.0000,0.9922,0.9992,0.9875,1.0089,1.0073"
11779.613905943028,0.0022679162529338735,"0.0000,0.0000,0.0000,0.0000,0.0000,0.0000","1.0000,1.0031,1.0090,1.0015,1.0033,0.9968"
11720.942107609531,-0.004993236772957311,"0.0000,0.0000,0.0000,0.0000,0.0000,0.0000","1.0000,0.9925,1.0000,0.9801,1.0039,0.9937"
11736.2334617242,0.0013037679012552364,"0.0000,0.0000,0.0000,0.0000,0.0000,0.0000","1.0000,0.9957,1.0054,1.0006,1.0057,1.0004"
11746.017576748554,0.0008333200743418358,"0.0000,0.0000,0.0000,0.0000,0.0000,0.0000","1.0000,0.9941,1.0036,1.0119,0.9922,1.0031"
11732.392641165581,-0.0011606354081045325,"0.0000,0.0000,0.0000,0.0000,0.0000,0.0000","1.0000,0.9989,1.0024,0.9981,0.9901,1.0037"
11726.400868867842,-0.0005108338095454165,"0.0000,0.0000,0.0000,0.0000,0.0000,0.0000","1.0000,0.9923,0.9971,1.0118,0.9921,1.0037"
11725.978946877727,-3.598116638701279e-05,"0.0000,0.0000,0.0000,0.0000,0.0000,0.0000","1.0000,1.0009,1.0030,1.0124,0.9868,0.9967"
11761.770225180557,0.003047657376084059,"0.0000,0.0000,0.0000,0.0000,0.0000,0.0000","1.0000,1.0059,1.0058,1.0024,0.9994,1.0049"
11877.009832769632,0.009750124180870597,"0.0000,0.0000,0.0000,0.0000,0.0000,0.0000","1.0000,1.0094,1.0065,1.0188,1.0156,1.0086"
12031.453756006926,0.012919782233831117,"0.0000,0.0000,0.0000,0.0000,0.0000,0.0000","1.0000,0.9997,0.9993,1.0456,1.0270,1.0065"
12017.894840454575,-0.001127591205608113,"0.0000,0.0000,0.0000,0.0000,0.0000,0.0000","1.0000,1.0061,0.9952,0.9859,0.9976,1.0086"
11922.651924206883,-0.007956661947366536,"0.0000,0.0000,0.0000,0.0000,0.0000,0.0000","1.0000,0.9738,0.9891,1.0024,0.9904,0.9968"
11692.083466052696,-0.01952812780052896,"0.0000,0.0000,0.0000,0.0000,0.0000,0.0000","1.0000,0.9774,0.9755,0.9712,0.9798,0.9802"
11829.62664669427,0.011695131663223259,"0.0000,0.0000,0.0000,0.0000,0.0000,0.0000","1.0000,1.0224,1.0095,1.0118,1.0068,1.0202"
11779.374386635773,-0.004257048900863572,"0.0000,0.0000,0.0000,0.0000,0.0000,0.0000","1.0000,1.0238,0.9845,0.9948,0.9844,0.9870"
11884.528411654042,0.008887352018513235,"0.0000,0.0000,0.0000,0.0000,0.0000,0.0000","1.0000,1.0354,1.0002,1.0211,1.0019,0.9951"
12035.834131684689,0.012650956920046327,"0.0000,0.0000,0.0000,0.0000,0.0000,0.0000","1.0000,1.0340,1.0084,1.0200,1.0078,1.0064"
11973.54488342844,-0.005188754608688719,"0.0000,0.0000,0.0000,0.0000,0.0000,0.0000","1.0000,0.9944,0.9931,1.0018,0.9791,1.0007"
11951.534831672641,-0.0018399151206256441,"0.0000,0.0000,0.0000,0.0000,0.0000,0.0000","1.0000,0.9883,1.0076,0.9846,1.0031,1.0054"
11974.271846232874,0.0019006273611496386,"0.0000,0.0000,0.0000,0.0000,0.0000,0.0000","1.0000,0.9999,1.0094,0.9847,1.0179,0.9996"
12282.863266936753,0.025444725312129216,"0.0000,0.0000,0.0000,0.0000,0.0000,0.0000","1.0000,0.9998,1.0712,1.0448,1.0299,1.0090"
12401.945787937058,0.009648318082365945,"0.0000,0.0000,0.0000,0.0000,0.0000,0.0000","1.0000,1.0094,1.0013,1.0317,1.0144,1.0017"
12288.277223665507,-0.009207642012124942,"0.0000,0.0000,0.0000,0.0000,0.0000,0.0000","1.0000,0.9833,0.9958,0.9849,0.9909,0.9902"
12226.047629803525,-0.005077009291765781,"0.0000,0.0000,0.0000,0.0000,0.0000,0.0000","1.0000,1.0015,0.9980,0.9831,0.9958,0.9912"
12331.025601999265,0.00854976573809687,"0.0000,0.0000,0.0000,0.0000,0.0000,0.0000","1.0000,1.0019,1.0227,1.0224,1.0003,1.0043"
12378.7615916614,0.0038637361522688733,"0.0000,0.0000,0.0000,0.0000,0.0000,0.0000","1.0000,1.0076,0.9981,1.0045,1.0033,1.0099"
12207.097162556327,-0.01396471203610941,"0.0000,0.0000,0.0000,0.0000,0.0000,0.0000","1.0000,0.9845,0.9846,0.9706,0.9899,0.9873"
12258.878676715674,0.004232947160354382,"0.0000,0.0000,0.0000,0.0000,0.0000,0.0000","1.0000,1.0078,1.0069,1.0023,0.9991,1.0095"
12236.777653167397,-0.0018044855992178587,"0.0000,0.0000,0.0000,0.0000,0.0000,0.0000","1.0000,0.9953,0.9992,0.9961,0.9967,1.0019"
12220.281674840699,-0.0013489750020217435,"0.0000,0.0000,0.0000,0.0000,0.0000,0.0000","1.0000,1.0043,0.9994,1.0007,0.9891,0.9984"
12285.63811630845,0.005333943551525731,"0.0000,0.0000,0.0000,0.0000,0.0000,0.0000","1.0000,1.0004,1.0038,1.0143,1.0061,1.0075"
12285.111834600888,-4.283806629371797e-05,"0.0000,0.0000,0.0000,0.0000,0.0000,0.0000","1.0000,1.0074,0.9978,1.0011,0.9933,1.0001"
12245.288568253816,-0.003246852939860639,"0.0000,0.0000,0.0000,0.0000,0.0000,0.0000","1.0000,1.0015,1.0007,0.9899,0.9942,0.9942"
12356.90612852949,0.009073851132728761,"0.0000,0.0000,0.0000,0.0000,0.0000,0.0000","1.0000,1.0174,1.0055,1.0227,1.0061,1.0029"
12241.89389521298,-0.009351112354402474,"0.0000,0.0000,0.0000,0.0000,0.0000,0.0000","1.0000,1.0022,0.9829,0.9707,1.0015,0.9870"
12241.840392217782,-4.370493043923054e-06,"0.0000,0.0000,0.0000,0.0000,0.0000,0.0000","1.0000,1.0089,1.0063,0.9847,0.9976,1.0026"
12231.840031652973,-0.0008172339385158324,"0.0000,0.0000,0.0000,0.0000,0.0000,0.0000","1.0000,0.9969,0.9996,0.9858,1.0174,0.9954"
12224.931316059765,-0.0005649736572954504,"0.0000,0.0000,0.0000,0.0000,0.0000,0.0000","1.0000,1.0056,0.9984,0.9971,0.9886,1.0071"
12222.980155065394,-0.0001596178062749801,"0.0000,0.0000,0.0000,0.0000,0.0000,0.0000","1.0000,0.9993,0.9968,1.0097,0.9970,0.9964"
12279.010486908692,0.004573541009693476,"0.0000,0.0000,0.0000,0.0000,0.0000,0.0000","1.0000,0.9993,1.0087,1.0049,1.0217,0.9931"
12278.627537567269,-3.1187799174594555e-05,"0.0000,0.0000,0.0000,0.0000,0.0000,0.0000","1.0000,0.9970,0.9997,1.0057,0.9824,1.0151"
12268.43121778247,-0.000830756993971699,"0.0000,0.0000,0.0000,0.0000,0.0000,0.0000","1.0000,0.9995,1.0059,0.9992,0.9942,0.9963"
12220.277106712918,-0.003932765460445161,"0.0000,0.0000,0.0000,0.0000,0.0000,0.0000","1.0000,0.9961,1.0000,1.0009,0.9814,0.9982"
12304.913556733443,0.006902028789445146,"0.0000,0.0000,0.0000,0.0000,0.0000,0.0000","1.0000,1.0090,1.0163,1.0054,1.0009,1.0100"
12230.208138291615,-0.0060896905454142424,"0.0000,0.0000,0.0000,0.0000,0.0000,0.0000","1.0000,1.0051,0.9839,0.9973,0.9910,0.9863"
12128.585843856556,-0.008343835420099576,"0.0000,0.0000,0.0000,0.0000,0.0000,0.0000","1.0000,0.9775,0.9903,0.9862,0.9997,0.9966"
12068.791256632505,-0.004942247144109912,"0.0000,0.0000,0.0000,0.0000,0.0000,0.0000","1.0000,0.9904,0.9917,0.9961,0.9903,1.0021"
12061.271490876796,-0.0006232694939771711,"0.0000,0.0000,0.0000,0.0000,0.0000,0.0000","1.0000,0.9934,1.0050,0.9956,0.9987,1.0037"
12048.445874904464,-0.0010639375806519268,"0.0000,0.0000,0.0000,0.0000,0.0000,0.0000","1.0000,0.9984,0.9992,0.9976,0.9949,1.0035"
11929.432196971124,-0.009927038158755997,"0.0000,0.0000,0.0000,0.0000,0.0000,0.0000","1.0000,0.9819,0.9940,0.9947,0.9808,0.9892"
11877.03310886545,-0.0044020959894920655,"0.0000,0.0000,0.0000,0.0000,0.0000,0.0000","1.0000,1.0009,0.9908,0.9739,1.0208,0.9873"
11857.790146104706,-0.0016214965470980963,"0.0000,0.0000,0.0000,0.0000,0.0000,0.0000","1.0000,0.9842,1.0121,0.9923,1.0010,1.0009"
11775.277287056386,-0.006982859466796318,"0.0000,0.0000,0.0000,0.0000,0.0000,0.0000","1.0000,0.9910,0.9909,0.9982,0.9818,0.9964"
11909.872141270413,0.011365459480068327,"0.0000,0.0000,0.0000,0.0000,0.0000,0.0000","1.0000,1.0144,1.0232,1.0182,0.9861,1.0268"
11951.507758898533,0.0034897948113509166,"0.0000,0.0000,0.0000,0.0000,0.0000,0.0000","1.0000,1.0059,0.9975,1.0050,1.0082,1.0045"
11855.099140619259,-0.008099360460439024,"0.0000,0.0000,0.0000,0.0000,0.0000,0.0000","1.0000,0.9984,0.9951,0.9682,0.9856,1.0043"
11626.161164528212,-0.01950025064485081,"0.0000,0.0000,0.0000,0.0000,0.0000,0.0000","1.0000,0.9721,0.9650,0.9759,0.9878,0.9835"
11620.060413176792,-0.0005248811271190113,"0.0000,0.0000,0.0000,0.0000,0.0000,0.0000","1.0000,1.0059,0.9962,0.9857,1.0090,1.0001"
11390.303256145507,-0.01997054860282788,"0.0000,0.0000,0.0000,0.0000,0.0000,0.0000","1.0000,0.9749,0.9878,0.9654,0.9960,0.9573"
11444.694964155118,0.004763898849645669,"0.0000,0.0000,0.0000,0.0000,0.0000,0.0000","1.0000,1.0132,1.0121,1.0137,0.9873,1.0024"
11563.652222461313,0.010340448820336506,"0.0000,0.0000,0.0000,0.0000,0.0000,0.0000","1.0000,1.0269,1.0041,1.0204,0.9919,1.0192"
11665.289595133707,0.008750981605859885,"0.0000,0.0000,0.0000,0.0000,0.0000,0.0000","1.0000,0.9996,1.0166,1.0130,1.0112,1.0124"
11598.509015791582,-0.005741174422021023,"0.0000,0.0000,0.0000,0.0000,0.0000,0.0000","1.0000,1.0010,0.9925,0.9928,0.9825,0.9969"
11698.940548463206,0.008621729560468498,"0.0000,0.0000,0.0000,0.0000,0.0000,0.0000","1.0000,1.0152,1.0060,1.0002,1.0199,1.0108"
11673.24895150802,-0.0021984767240698705,"0.0000,0.0000,0.0000,0.0000,0.0000,0.0000","1.0000,1.0006,0.9958,0.9979,1.0141,0.9785"
11624.374743804274,-0.004195645018485569,"0.0000,0.0000,0.0000,0.0000,0.0000,0.0000","1.0000,0.9949,0.9905,0.9981,0.9960,0.9955"
11626.29458616511,0.0001651429761399285,"0.0000,0.0000,0.0000,0.0000,0.0000,0.0000","1.0000,1.0050,1.0078,0.9998,0.9814,1.0070"
11607.53681217683,-0.0016146952039190257,"0.0000,0.0000,0.0000,0.0000,0.0000,0.0000","1.0000,0.9980,0.9950,1.0081,1.0024,0.9869"
11635.678823136528,0.0024215259327978584,"0.0000,0.0000,0.0000,0.0000,0.0000,0.0000","1.0000,0.9990,1.0043,1.0131,0.9973,1.0009"
11487.42843262793,-0.012822880611854819,"0.0000,0.0000,0.0000,0.0000,0.0000,0.0000","1.0000,0.9916,0.9796,0.9898,0.9858,0.9769"
11220.54412654239,-0.02350686259546717,"0.0000,0.0000,0.0000,0.0000,0.0000,0.0000","1.0000,0.9907,0.9679,0.9558,0.9708,0.9756"
11240.923837525053,0.0018146379931753885,"0.0000,0.0000,0.0000,0.0000,0.0000,0.0000","1.0000,1.0037,1.0022,1.0069,0.9943,1.0038"
11324.328063643106,0.007392304441634054,"0.0000,0.0000,0.0000,0.0000,0.0000,0.0000","1.0000,0.9928,1.0223,1.0056,1.0029,1.0210"
11315.444060032634,-0.0007848139122547181,"0.0000,0.0000,0.0000,0.0000,0.0000,0.0000","1.0000,1.0077,0.9961,0.9935,1.0007,0.9974"
11465.374733231994,0.013163077182190485,"0.0000,0.0000,0.0000,0.0000,0.0000,0.0000","1.0000,1.0098,1.0178,1.0074,1.0160,1.0285"
11548.580318822875,0.007230912543596516,"0.0000,0.0000,0.0000,0.0000,0.0000,0.0000","1.0000,1.0098,1.0014,1.0136,1.0192,0.9996"
11627.57268534924,0.006816719961636203,"0.0000,0.0000,0.0000,0.0000,0.0000,0.0000","1.0000,1.0163,1.0078,1.0105,1.0082,0.9982"
11581.290436947924,-0.003988330622448074,"0.0000,0.0000,0.0000,0.0000,0.0000,0.0000","1.0000,0.9943,1.0081,0.9913,0.9905,0.9919"
11672.751239409632,0.007866269042880082,"0.0000,0.0000,0.0000,0.0000,0.0000,0.0000","1.0000,1.0167,1.0094,0.9966,1.0158,1.0089"
11594.21940434838,-0.006750524981131382,"0.0000,0.0000,0.0000,0.0000,0.0000,0.0000","1.0000,1.0000,0.9968,0.9895,0.9743,0.9991"
11553.758415191027,-0.003495858746627325,"0.0000,0.0000,0.0000,0.0000,0.0000,0.0000","1.0000,1.0055,0.9933,0.9743,1.0014,1.0047"
11467.852131697771,-0.007463134002251861,"0.0000,0.0000,0.0000,0.0000,0.0000,0.0000","1.0000,1.0013,0.9853,0.9980,0.9854,0.9855"
11537.261066879159,0.006034236405796123,"0.0000,0.0000,0.0000,0.0000,0.0000,0.0000","1.0000,1.0058,1.0168,1.0029,1.0141,0.9968"
11570.398060822912,0.002868054827649019,"0.0000,0.0000,0.0000,0.0000,0.0000,0.0000","1.0000,1.0027,1.0046,1.0102,0.9965,1.0033"
11532.555109675799,-0.0032760300999805413,"0.0000,0.0000,0.0000,0.0000,0.0000,0.0000","1.0000,1.0009,0.9975,0.9934,0.9913,0.9972"
11437.355434074127,-0.008289124201321376,"0.0000,0.0000,0.0000,0.0000,0.0000,0.0000","1.0000,0.9934,0.9925,0.9725,0.9951,0.9969"
11459.733969689942,0.0019547063250410467,"0.0000,0.0000,0.0000,0.0000,0.0000,0.0000","1.0000,1.0020,1.0029,0.9999,1.0039,1.0032"
11487.120793106194,0.002386979540575652,"0.0000,0.0000,0.0000,0.0000,0.0000,0.0000","1.0000,1.0064,0.9996,1.0086,0.9972,1.0026"
11445.094103044237,-0.0036653011758926222,"0.0000,0.0000,0.0000,0.0000,0.0000,0.0000","1.0000,0.9957,0.9885,0.9981,0.9965,0.9994"
11433.976987638287,-0.0009718153535890592,"0.0000,0.0000,0.0000,0.0000,0.0000,0.0000","1.0000,0.9997,0.9991,0.9995,0.9954,1.0004"
